City_ID,City,Lat,Lng,Max Temp,Humidity,Cloudiness,Wind Speed,Country,Date
0,richards bay,-28.783,32.0377,298.71,35,0,5.71,ZA,1717081666
1,olonkinbyen,70.9221,-8.7187,272.6,86,100,2.39,SJ,1717081666
2,mejit,10.2753,170.8646,300.83,79,100,5.66,MH,1717081666
3,ola,59.5833,151.2833,284.34,64,5,0.8,RU,1717081667
4,edinburgh of the seven seas,-37.0676,-12.3116,285.32,61,15,5.92,SH,1717081667
5,maizuru,35.45,135.3333,290.99,81,100,2.45,JP,1717081668
6,san angelo,31.4638,-100.437,302.56,62,0,6.69,US,1717081642
7,mineiros,-17.5694,-52.5511,297.39,42,0,2.2,BR,1717081668
8,coahuayana de hidalgo,18.7,-103.6583,304.27,47,13,0.86,MX,1717081669
9,port alfred,-33.5906,26.891,292.69,77,96,3.58,ZA,1717081486
10,grytviken,-54.2811,-36.5092,274.79,97,100,11.44,GS,1717081670
11,constantia,44.1833,28.65,295.76,79,42,5.11,RO,1717081457
12,luderitz,-26.6481,15.1594,288.98,88,64,4.21,NA,1717081470
13,sitka,57.0531,-135.33,281.09,81,75,0.0,US,1717081671
14,port mathurin,-19.6833,63.4167,297.95,80,35,10.76,MU,1717081671
15,bethel,41.3712,-73.414,290.79,69,75,4.63,US,1717081537
16,tiksi,71.6872,128.8694,276.2,87,45,1.45,RU,1717081672
17,hithadhoo,-0.6,73.0833,302.35,78,82,8.71,MV,1717081673
18,adamstown,-25.066,-130.1015,295.1,81,44,7.35,PN,1717081673
19,shingu,33.7333,135.9833,290.5,97,100,3.1,JP,1717081673
20,ust-nera,64.5667,143.2,285.83,44,93,2.23,RU,1717081674
21,hammerfest,70.6634,23.6821,296.4,53,0,1.03,NO,1717081674
22,lusambo,-4.9667,23.45,307.67,32,92,0.66,CD,1717081481
23,taungdwingyi,20.0167,95.55,303.68,69,90,4.55,MM,1717081675
24,eyl,7.9803,49.8164,302.82,63,47,10.87,SO,1717081675
25,anadyr,64.75,177.4833,271.43,86,20,1.0,RU,1717081676
26,hawaiian paradise park,19.5933,-154.9731,294.28,93,100,1.54,US,1717081676
27,alghero,40.5589,8.3181,299.2,41,20,6.17,IT,1717081386
28,waitangi,-43.9535,-176.5597,282.49,84,84,5.36,NZ,1717081677
29,bredasdorp,-34.5322,20.0403,286.73,77,61,5.26,ZA,1717081480
30,chu,43.5983,73.7614,291.7,31,1,1.55,KZ,1717081678
31,wang noi,14.2269,100.7155,303.71,68,100,3.94,TH,1717081454
32,kodiak,57.79,-152.4072,278.88,100,100,4.63,US,1717081679
33,sola,-13.8833,167.55,299.53,83,81,11.91,VU,1717081679
34,inhambane,-23.865,35.3833,298.14,73,20,2.57,MZ,1717081680
35,arkhangel'sk,64.5401,40.5433,292.21,39,40,2.0,RU,1717081680
36,kununurra,-15.7667,128.7333,295.14,94,100,6.17,AU,1717081681
37,cuito,-12.3833,16.9333,297.78,26,63,0.95,AO,1717081591
38,luganville,-15.5333,167.1667,297.73,86,100,5.98,VU,1717081681
39,menongue,-14.6585,17.691,299.71,18,0,0.86,AO,1717081682
40,blackmans bay,-43.0167,147.3167,289.11,68,100,1.34,AU,1717081682
41,vanino,49.0869,140.2543,281.44,72,62,2.41,RU,1717081537
42,palmer,42.1584,-72.3287,286.93,76,100,4.12,US,1717081683
43,vilyuchinsk,52.9306,158.4028,278.11,92,100,1.92,RU,1717081683
44,asmar,35.0333,71.3581,292.93,38,17,4.43,AF,1717081684
45,susuman,62.7833,148.1667,279.25,41,5,2.68,RU,1717081684
46,nasir,15.5894,32.5634,316.61,7,17,5.74,SD,1717081685
47,port-aux-francais,-49.35,70.2167,275.76,77,21,17.88,TF,1717081685
48,reyes,-14.3167,-67.3833,298.39,45,6,0.82,BO,1717081388
49,bahia de caraquez,-0.6,-80.4167,299.25,80,96,1.87,EC,1717081460
50,sarangani,5.4033,125.4636,303.09,77,79,9.33,PH,1717081686
51,port maria,18.3685,-76.8895,306.47,65,100,4.86,JM,1717081687
52,lebu,-37.6167,-73.65,284.69,79,100,1.06,CL,1717081687
53,marly,50.3456,3.5496,292.6,79,100,5.0,FR,1717081427
54,hilo,19.7297,-155.09,294.4,91,100,1.54,US,1717081688
55,timbiqui,2.7717,-77.6654,301.16,77,59,1.11,CO,1717081688
56,wakkanai,45.4094,141.6739,280.47,78,100,2.61,JP,1717081689
57,severo-yeniseyskiy,60.3725,93.0408,272.36,86,70,2.24,RU,1717081689
58,ilulissat,69.2167,-51.1,274.16,64,75,4.12,GL,1717081690
59,jamestown,42.097,-79.2353,286.92,66,75,5.66,US,1717081065
60,port lincoln,-34.7333,135.8667,287.92,62,1,10.44,AU,1717081690
61,la ronge,55.1001,-105.2842,284.77,59,100,3.71,CA,1717081691
62,al jawf,29.5,38.75,306.84,9,0,4.03,SA,1717081691
63,dhidhdhoo,6.8833,73.1,301.79,84,100,11.49,MV,1717081692
64,pisco,-13.7,-76.2167,290.18,88,100,2.06,PE,1717081692
65,afaahiti,-17.75,-149.2833,296.08,72,43,6.77,PF,1717081692
66,oriximina,-1.7656,-55.8661,302.62,74,76,0.33,BR,1717081494
67,papatowai,-46.5619,169.4708,284.2,73,100,3.96,NZ,1717081693
68,yoloten,37.2989,62.3597,301.95,9,0,4.29,TM,1717081694
69,dudinka,69.4058,86.1778,271.3,92,87,2.68,RU,1717081695
70,margaret river,-33.95,115.0667,289.08,76,39,4.95,AU,1717081695
71,stanley,54.868,-1.6985,285.92,78,75,8.23,GB,1717081695
72,ghadamis,30.1337,9.5007,312.16,6,0,4.27,LY,1717081696
73,thompson,55.7435,-97.8558,293.09,57,75,5.15,CA,1717081696
74,badger,64.8,-147.5333,284.08,88,75,1.54,US,1717081697
75,louisville,38.2542,-85.7594,295.91,53,0,3.09,US,1717081697
76,kingston,17.997,-76.7936,306.02,66,20,9.77,JM,1717081485
77,acarau,-2.8856,-40.12,302.04,75,65,4.58,BR,1717081698
78,albany,42.6001,-73.9662,290.88,63,79,0.89,US,1717081159
79,longyearbyen,78.2186,15.6401,277.06,87,100,3.09,SJ,1717081699
80,altai,46.3722,96.2583,283.97,19,100,2.07,MN,1717081700
81,ushuaia,-54.8,-68.3,275.94,90,40,1.1,AR,1717081700
82,isafjordur,66.0755,-23.124,280.17,65,75,5.14,IS,1717081701
83,vallenar,-28.5708,-70.7581,298.23,17,40,0.75,CL,1717081701
84,anloga,5.7947,0.8973,302.73,73,67,6.86,GH,1717081701
85,monchegorsk,67.9397,32.8739,289.52,56,13,2.87,RU,1717081702
86,forres,57.6113,-3.6108,289.09,72,40,7.2,GB,1717081702
87,maun,-19.9833,23.4167,299.24,18,0,1.84,BW,1717081703
88,tofol,5.3248,163.0078,300.94,81,100,4.67,FM,1717081703
89,ribeira grande,38.5167,-28.7,292.37,77,75,5.66,PT,1717081703
90,puerto natales,-51.7236,-72.4875,274.4,80,0,1.03,CL,1717081704
91,antsiranana,-12.2787,49.2917,298.71,77,1,6.01,MG,1717081704
92,ha tien,10.3833,104.4833,302.57,73,98,3.94,VN,1717081705
93,udachny,66.4167,112.4,287.84,45,89,5.42,RU,1717081706
94,grootfontein,-19.5667,18.1167,296.56,14,0,1.37,NA,1717081706
95,byron bay,-28.65,153.6167,290.21,87,82,2.96,AU,1717081707
96,la'ie,21.6477,-157.9253,296.54,83,57,1.79,US,1717081707
97,belel,7.05,14.4333,296.1,59,100,1.08,CM,1717081708
98,hargeysa,9.56,44.065,303.94,19,100,4.97,SO,1717081708
99,valdivia,-39.8142,-73.2459,281.62,82,100,0.99,CL,1717081709
100,chonchi,-42.6128,-73.8092,282.66,82,37,1.06,CL,1717081709
101,meulaboh,4.1363,96.1285,299.74,85,98,0.73,ID,1717081710
102,hasaki,35.7333,140.8333,293.37,87,100,2.75,JP,1717081710
103,aasiaat,68.7098,-52.8699,272.15,76,68,1.95,GL,1717081711
104,howrah,22.5892,88.3103,304.15,89,75,6.17,IN,1717081469
105,barcelos,41.5388,-8.6151,306.44,45,79,5.87,PT,1717081711
106,lospalos,-8.5186,127.0025,295.72,97,85,0.94,TL,1717081712
107,tsiombe,-25.3,45.4833,295.17,78,0,4.29,MG,1717081712
108,hamilton,39.1834,-84.5333,294.5,70,75,2.06,US,1717081514
109,greymouth,-42.4667,171.2,281.99,92,88,1.08,NZ,1717081713
110,chui,-33.6971,-53.4616,288.15,74,38,2.2,UY,1717081713
111,port elizabeth,-33.918,25.5701,292.65,73,94,14.4,ZA,1717081714
112,urangan,-25.3,152.9,292.7,89,0,2.24,AU,1717081714
113,georgetown,5.4112,100.3354,304.12,74,20,1.54,MY,1717081275
114,praia da vitoria,38.7333,-27.0667,294.68,75,1,5.05,PT,1717081715
115,alvorada,-12.48,-49.1247,307.21,27,0,2.24,BR,1717081592
116,albertina,-22.2008,-46.6158,294.0,25,54,1.97,BR,1717081716
117,westport,41.1415,-73.3579,291.93,62,100,6.17,US,1717081565
118,lewistown,40.5992,-77.5714,292.52,76,20,3.09,US,1717081717
119,wynyard,-41.0,145.7167,286.86,87,100,7.01,AU,1717081717
120,hermanus,-34.4187,19.2345,284.71,75,47,5.94,ZA,1717081483
121,rouyn-noranda,48.2398,-79.0288,284.71,30,5,2.08,CA,1717081718
122,ladson,32.9857,-80.1098,301.07,48,40,4.63,US,1717081453
123,fort st. john,56.2499,-120.8529,281.09,61,75,7.2,CA,1717081654
124,utrik,11.2278,169.8474,300.52,80,99,5.05,MH,1717081720
125,fort bragg,35.139,-79.006,297.97,49,0,4.63,US,1717081720
126,saipan,15.1355,145.701,300.54,83,40,5.66,MP,1717081720
127,egilsstadir,65.2653,-14.3948,287.95,45,44,7.83,IS,1717081721
128,punta arenas,-53.15,-70.9167,277.21,87,20,4.63,CL,1717081721
129,mariental,-24.6333,17.9667,299.65,16,4,6.61,NA,1717081722
130,serenje,-13.2325,30.2352,293.98,40,3,3.71,ZM,1717081722
131,sur,22.5667,59.5289,308.06,44,0,0.79,OM,1717081722
132,college,64.8569,-147.8028,284.12,89,75,1.54,US,1717081723
133,gadzhiyevo,69.2551,33.3362,289.47,63,59,2.74,RU,1717081723
134,holualoa,19.6228,-155.9522,295.06,84,0,2.57,US,1717081724
135,castanos,26.7833,-101.4167,300.32,70,62,2.37,MX,1717081724
136,attapeu,14.8,106.8333,297.54,99,100,0.54,LA,1717081725
137,toshbuloq,40.9234,71.5721,299.6,31,0,1.03,UZ,1717081725
138,cao lanh,10.45,105.6333,300.12,83,100,2.7,VN,1717081725
139,morant bay,17.8815,-76.4093,304.94,70,100,4.68,JM,1717081726
140,port douglas,-16.4833,145.4667,296.7,87,86,5.37,AU,1717081726
141,whitehorse,60.7161,-135.0538,279.87,55,20,0.89,CA,1717081727
142,enewetak,11.3474,162.3373,300.75,76,99,6.74,MH,1717081727
143,ji'an,27.1172,114.9793,296.09,96,100,4.36,CN,1717081728
144,qaqortoq,60.7167,-46.0333,277.7,64,94,2.76,GL,1717081728
145,hantsavichy,52.758,26.43,288.72,89,100,2.73,BY,1717081728
146,baoding,38.8511,115.4903,298.75,28,58,3.08,CN,1717081729
147,uturoa,-16.7333,-151.4333,299.98,80,17,6.19,PF,1717081729
148,new norfolk,-42.7826,147.0587,289.77,67,100,4.24,AU,1717081730
149,bardai,11.65,7.2333,304.67,46,100,3.11,NG,1717081730
150,portland,45.5234,-122.6762,286.18,78,20,1.54,US,1717081697
151,bilibino,68.0546,166.4372,269.68,85,89,3.6,RU,1717081731
152,vorgashor,67.5833,63.95,270.82,87,98,4.77,RU,1717081731
153,iqaluit,63.7506,-68.5145,274.65,69,97,1.79,CA,1717081732
154,quellon,-43.1167,-73.6167,282.66,84,30,3.19,CL,1717081732
155,talavera de la reina,39.9635,-4.8308,308.43,17,13,3.92,ES,1717081733
156,west island,-12.1568,96.8225,300.14,83,75,6.69,CC,1717081733
157,goz beida,13.95,20.55,314.25,14,36,1.89,TD,1717081733
158,san antonio de pale,-1.4014,5.6325,300.17,79,77,7.44,GQ,1717081734
159,mhamid,29.82,-5.72,313.63,6,1,6.77,MA,1717081734
160,dalmatovo,56.26,62.9362,282.74,50,2,1.86,RU,1717081735
161,kanel,15.4916,-13.1763,315.05,10,75,4.41,SN,1717081735
162,doue-la-fontaine,47.1937,-0.2749,291.17,60,44,8.68,FR,1717081736
163,puerto ayora,-0.7393,-90.3518,298.13,84,80,3.97,EC,1717081480
164,padangsidempuan,1.3667,99.2667,296.78,98,100,0.77,ID,1717081736
165,topeka,39.0483,-95.678,296.41,75,0,5.14,US,1717081448
166,sisimiut,66.9395,-53.6735,272.51,78,82,1.54,GL,1717081737
167,steenwijk,52.7875,6.1208,292.56,66,92,3.13,NL,1717081738
168,baruun-urt,46.6806,113.2792,283.36,68,92,2.12,MN,1717081738
169,dakhla,23.6848,-15.958,293.29,76,6,4.99,EH,1717081738
170,east london,-33.0153,27.9116,301.81,27,85,5.28,ZA,1717081739
171,greenland,43.0362,-70.8328,286.99,79,100,2.57,US,1717081739
172,namibe,-15.1961,12.1522,296.55,62,0,7.23,AO,1717081740
173,ebon,4.582,168.6964,301.91,70,100,3.08,MH,1717081740
174,touros,-5.1989,-35.4608,299.93,83,91,4.45,BR,1717081741
175,vila velha,-20.3297,-40.2925,297.12,60,75,6.69,BR,1717081583
176,nuku'alofa,-21.1333,-175.2,296.8,67,84,10.19,TO,1717081741
177,sabratah,32.7933,12.4885,297.95,47,58,5.31,LY,1717081742
178,stettler,52.3168,-112.7186,281.34,89,100,7.73,CA,1717081743
179,wailua homesteads,22.0669,-159.378,295.59,87,75,4.63,US,1717081743
180,nadi,-17.8,177.4167,296.15,83,75,2.57,FJ,1717081610
181,xiongzhou,25.1167,114.3,297.91,93,95,0.98,CN,1717081744
182,olinda,-8.0089,-34.8553,298.0,100,75,3.6,BR,1717081662
183,kourou,5.1552,-52.6478,301.18,69,55,3.04,GF,1717081606
184,ta`u,-14.2336,-169.5144,301.38,80,44,8.44,AS,1717081746
185,kas,36.2018,29.6377,297.16,58,5,6.43,TR,1717081746
186,nizhneangarsk,55.7833,109.55,279.26,90,100,2.24,RU,1717081747
187,veinticinco de mayo,-35.4323,-60.1727,288.14,80,38,2.68,AR,1717081669
188,lebanon,36.2081,-86.2911,296.57,63,0,4.12,US,1717081707
189,vadso,70.0744,29.7487,297.64,52,0,2.57,NO,1717081748
190,antofagasta,-23.65,-70.4,287.75,66,31,2.62,CL,1717081494
191,usinsk,65.9939,57.5281,273.19,64,100,7.6,RU,1717081674
192,zhalantun,48.0,122.7167,285.1,61,100,3.28,CN,1717081750
193,arno,60.1167,18.6333,288.59,60,21,4.83,SE,1717081751
194,bodo,67.28,14.405,288.17,72,0,2.57,NO,1717081751
195,lihue,21.9789,-159.3672,295.92,83,75,4.63,US,1717081752
196,moree,-29.4667,149.85,290.42,71,99,7.53,AU,1717081752
197,hobyo,5.3505,48.5268,300.87,72,89,12.04,SO,1717081752
198,pangody,65.85,74.4859,271.04,95,100,6.71,RU,1717081753
199,kiama,-34.6833,150.8667,292.36,68,100,3.58,AU,1717081753
200,yellowknife,62.456,-114.3525,286.16,69,75,7.2,CA,1717081589
201,mount gambier,-37.8333,140.7667,284.92,78,52,7.14,AU,1717081754
202,bamboo flat,11.7,92.7167,301.79,82,100,4.27,IN,1717081755
203,caribou,46.8606,-68.012,288.72,44,0,5.14,US,1717081742
204,gotsucho,35.0,132.2167,291.93,67,100,2.59,JP,1717081755
205,mitsamiouli,-11.3847,43.2844,300.36,73,39,5.18,KM,1717081756
206,fale old settlement,-9.3852,-171.2468,301.61,79,13,5.04,TK,1717081756
207,boda,4.3189,17.4695,298.31,81,87,3.11,CF,1717081757
208,geraldton,-28.7667,114.6,287.38,82,75,3.6,AU,1717081757
209,dolores,-36.3132,-57.6792,287.49,72,100,2.54,AR,1717081758
210,solnechnyy,50.7214,136.6319,278.17,71,96,1.94,RU,1717081758
211,colonia,50.9333,6.95,292.56,66,0,5.66,DE,1717081644
212,rio preto da eva,-2.6994,-59.6997,301.54,63,99,1.0,BR,1717081494
213,axim,4.8699,-2.2405,302.69,70,44,4.64,GH,1717081759
214,pak chong,14.708,101.4161,302.07,85,100,2.18,TH,1717081760
215,presidente epitacio,-21.7633,-52.1156,295.42,33,93,3.0,BR,1717081544
216,pacific grove,36.6177,-121.9166,288.65,89,20,4.02,US,1717081761
217,genhe,50.7833,121.5167,278.33,70,25,0.54,CN,1717081761
218,juneau,58.3019,-134.4197,281.15,95,75,2.57,US,1717081761
219,tegucigalpa,14.0818,-87.2068,297.57,69,75,6.17,HN,1717081560
220,happy valley-goose bay,53.3168,-60.3315,278.32,87,100,5.66,CA,1717081762
221,chibougamau,49.9168,-74.3659,285.7,38,95,4.37,CA,1717081763
222,vilyuysk,63.7553,121.6247,289.82,48,28,0.45,RU,1717081763
223,kailua-kona,19.6406,-155.9956,297.13,83,0,2.57,US,1717081763
224,polyarnyy,69.1989,33.4478,287.21,72,60,2.73,RU,1717081764
225,gambiran satu,-8.3939,114.1464,296.79,99,100,0.46,ID,1717081764
226,mtskheta,41.8451,44.7188,299.2,53,64,2.36,GE,1717081765
227,manismata,-2.4667,111.0333,297.77,99,100,1.29,ID,1717081765
228,pangai,-19.8,-174.35,297.5,69,100,8.93,TO,1717081765
229,pagar alam,-4.0167,103.2667,295.16,97,100,0.77,ID,1717081766
230,bhachau,23.2833,70.35,303.79,65,7,8.68,IN,1717081627
231,iquique,-20.2208,-70.1431,292.73,65,18,2.23,CL,1717081767
232,hassi messaoud,31.6804,6.0729,310.3,12,0,5.64,DZ,1717081767
233,chiredzi,-21.05,31.6667,298.09,34,0,1.97,ZW,1717081492
234,borshchiv,48.8033,26.0435,290.39,66,100,2.51,UA,1717081768
235,el jadid,33.2549,-8.506,295.36,72,68,4.35,MA,1717081581
236,floro,61.5996,5.0328,293.19,63,75,5.14,NO,1717081769
237,visakhapatnam,17.69,83.2093,305.09,89,75,3.09,IN,1717081723
238,smolensk,55.0,33.0,295.21,59,100,0.74,RU,1717081770
239,talnakh,69.4865,88.3972,271.91,92,100,2.32,RU,1717081770
240,prado,-17.3411,-39.2208,301.02,60,27,3.86,BR,1717081533
241,kiomboi,-4.2667,34.3667,298.16,45,96,1.81,TZ,1717081748
242,nar'yan-mar,67.6713,53.087,270.99,87,90,5.81,RU,1717081772
243,minas de marcona,-15.2119,-75.1103,289.82,59,7,3.23,PE,1717081772
244,tolanaro,-25.0319,46.9987,295.03,80,2,6.35,MG,1717081773
245,tanout,14.9709,8.8879,314.02,16,33,3.88,NE,1717081687
246,wanning,18.8003,110.3967,299.21,97,100,3.71,CN,1717081599
247,vorkuta,67.5,64.0,270.99,87,98,6.71,RU,1717081774
248,north platte,41.1239,-100.7654,294.33,71,37,4.47,US,1717081543
249,manga,11.6636,-1.0731,313.19,26,54,3.01,BF,1717081775
250,bathsheba,13.2167,-59.5167,304.49,74,40,10.29,BB,1717081775
251,clovis,36.8252,-119.7029,297.93,50,20,3.09,US,1717081775
252,celestun,20.8667,-90.4,304.79,58,13,2.73,MX,1717081776
253,dunedin,-45.8742,170.5036,284.15,60,93,2.87,NZ,1717081702
254,lebork,54.5392,17.7501,295.08,65,28,5.01,PL,1717081777
255,mil'kovo,55.6078,37.7956,301.37,52,97,4.77,RU,1717081777
256,st. john's,47.5649,-52.7093,295.81,71,75,7.2,CA,1717081563
257,guanica,17.9716,-66.908,306.78,72,80,6.88,PR,1717081778
258,villa gesell,-37.2639,-56.973,287.62,71,100,4.05,AR,1717081627
259,tvoroyri,61.5556,-6.8111,282.21,88,100,6.49,FO,1717081779
260,quatre cocos,-20.2078,57.7625,295.98,86,94,8.73,MU,1717081780
261,sinop,41.7711,34.8709,289.39,88,87,3.45,TR,1717081780
262,ugoofaaru,5.6667,73.0,302.03,84,100,10.67,MV,1717081780
263,invercargill,-46.4,168.35,280.56,91,97,2.54,NZ,1717081781
264,qarqaraly,49.4058,75.4742,290.47,43,83,7.1,KZ,1717081782
265,kalengwa,-13.4659,25.0027,300.65,22,0,2.14,ZM,1717081782
266,sufalat sama'il,23.3167,58.0167,310.97,11,9,2.6,OM,1717081783
267,lompoc,34.6391,-120.4579,291.4,94,20,0.0,US,1717081783
268,forster,-32.1667,152.5167,286.14,96,99,5.61,AU,1717081783
269,alvaraes,-3.2208,-64.8042,299.08,56,92,1.3,BR,1717081784
270,rawson,-43.3002,-65.1023,284.13,48,8,3.9,AR,1717081784
271,brunehault,50.5052,4.4321,290.83,68,40,2.57,BE,1717081785
272,timbuktu,16.7735,-3.0074,317.31,7,78,4.13,ML,1717081785
273,talara,-4.5772,-81.2719,296.57,68,0,6.46,PE,1717081786
274,luba,3.4568,8.5547,304.09,78,100,2.61,GQ,1717081786
275,dera bugti,29.0307,69.151,311.1,4,0,4.94,PK,1717081688
276,alice springs,-23.7,133.8833,286.9,100,100,0.0,AU,1717081787
277,huillapima,-28.7253,-65.9787,289.04,39,25,2.06,AR,1717081788
278,xuanzhou,30.9525,118.7553,290.99,98,100,0.42,CN,1717081788
279,urengoy,65.9667,78.3667,272.34,96,100,6.27,RU,1717081788
280,aweil,8.7682,27.4002,310.68,27,94,1.58,SS,1717081789
281,waddan,29.1614,16.139,311.25,10,26,1.95,LY,1717081789
282,margate,51.3813,1.3862,289.65,70,99,3.13,GB,1717081507
283,sao joao da barra,-21.6403,-41.0511,295.2,64,98,7.3,BR,1717081790
284,flying fish cove,-10.4217,105.6791,300.85,72,100,5.9,CX,1717081790
285,pyhajarvi,67.0701,27.2176,296.75,45,16,1.9,FI,1717081791
286,willowmore,-33.2926,23.4895,290.39,46,54,8.56,ZA,1717081791
287,tralee,52.2704,-9.7026,286.29,71,75,4.63,IE,1717081553
288,bangassou,4.7413,22.8184,300.79,61,100,0.78,CF,1717081792
289,ryki,51.6257,21.9327,297.53,54,100,5.85,PL,1717081793
290,higuera de zaragoza,25.95,-109.2833,300.11,46,3,3.28,MX,1717081793
291,arar,30.9753,41.0381,312.16,7,0,4.63,SA,1717081793
292,zakamensk,50.3741,103.2863,281.04,68,46,0.77,RU,1717081794
293,dien bien phu,21.3833,103.0167,297.2,95,73,0.79,VN,1717081776
294,acapulco de juarez,16.8634,-99.8901,304.05,62,20,1.54,MX,1717081795
295,ciudad lazaro cardenas,17.9583,-102.2,302.67,64,0,0.76,MX,1717081795
296,chinde,26.8418,88.0763,294.15,87,79,3.04,NP,1717081796
297,nemuro,43.3236,145.575,279.62,85,100,1.16,JP,1717081512
298,noumea,-22.2763,166.4572,295.37,99,86,6.88,NC,1717081742
299,vasteras,59.6162,16.5528,297.1,35,63,3.6,SE,1717081797
300,prestatyn,53.3375,-3.4078,291.14,82,16,1.79,GB,1717081797
301,tommot,58.9564,126.2925,285.47,59,37,1.01,RU,1717081798
302,ulladulla,-35.35,150.4667,289.69,62,100,5.56,AU,1717081798
303,yarega,63.4354,53.5765,279.19,38,8,2.49,RU,1717081799
304,auki,-8.7676,160.7034,298.08,92,99,1.62,SB,1717081799
305,tobol'sk,58.2,68.2667,278.49,48,35,0.89,RU,1717081800
306,annau,37.8876,58.516,303.87,19,0,3.09,TM,1717081800
307,mount pearl,47.5166,-52.7813,286.52,82,100,4.14,CA,1717081801
308,igugunu,-4.5667,34.6333,297.99,51,95,2.83,TZ,1717081748
309,taltal,-25.4,-70.4833,291.35,70,18,2.66,CL,1717081802
310,petropavlovsk-kamchatsky,53.0452,158.6483,277.29,75,100,0.45,RU,1717081803
311,kisangani,0.5167,25.2,301.13,68,100,1.37,CD,1717081804
312,gozyeri,40.866,32.5417,288.1,72,51,2.86,TR,1717081805
313,zindah jan,34.3426,61.7468,299.69,18,0,9.25,AF,1717081806
314,charlottetown,46.2352,-63.1267,291.24,55,0,1.79,CA,1717081625
315,la sarre,48.8002,-79.1996,284.6,35,22,2.0,CA,1717081807
316,kismayo,-0.3582,42.5454,299.59,79,96,6.9,SO,1717081807
317,juba,4.8517,31.5825,304.87,46,98,2.24,SS,1717081808
318,fortuna,40.5982,-124.1573,285.33,93,100,0.0,US,1717081808
319,darwin,-12.4611,130.8418,300.14,84,93,3.09,AU,1717081809
320,bubaque,11.2833,-15.8333,301.08,66,69,6.07,GW,1717081809
321,monticello,45.3055,-93.7941,294.88,54,0,5.66,US,1717081810
322,brookings,44.3114,-96.7984,292.34,63,40,9.26,US,1717081575
323,anyksciai,55.5256,25.1026,294.48,72,79,7.54,LT,1717081811
324,kish,26.5578,54.0194,303.64,74,0,1.19,IR,1717081811
325,novoishimskiy,53.1981,66.7694,282.28,71,84,3.87,KZ,1717081811
326,kavieng,-2.5744,150.7967,300.95,81,100,2.87,PG,1717081812
327,berlin,52.5244,13.4105,292.58,91,20,3.13,DE,1717081444
328,ketchikan,55.3422,-131.6461,283.34,87,100,5.14,US,1717081813
329,marapanim,-0.7175,-47.6997,303.01,77,34,1.86,BR,1717081813
330,hue,16.4667,107.6,303.21,84,20,0.51,VN,1717081813
331,itamaraca,-7.7478,-34.8256,298.18,69,24,4.08,BR,1717081814
332,atkaracalar,40.8159,33.0756,288.71,70,51,2.69,TR,1717081814
333,vrangel',42.7297,133.0839,283.31,88,100,5.08,RU,1717081815
334,banjar,-8.19,114.9675,299.24,93,54,2.23,ID,1717081815
335,saynshand,44.8824,110.1163,285.96,55,16,3.39,MN,1717081816
336,kaiapoi,-43.3783,172.6401,282.64,93,81,0.51,NZ,1717081816
337,port macquarie,-31.4333,152.9167,286.42,79,100,5.06,AU,1717081561
338,sorong,-0.8833,131.25,299.69,86,100,1.17,ID,1717081817
339,seven pagodas,12.6264,80.1722,307.18,78,12,5.82,IN,1717081817
340,emerald,-23.5333,148.1667,288.34,82,87,4.24,AU,1717081818
341,selfoss,63.9331,-20.9971,281.51,69,96,7.08,IS,1717081818
342,bocanda,7.0626,-4.4995,310.3,38,46,1.54,CI,1717081818
343,san mariano,7.5,126.0,296.85,94,84,1.09,PH,1717081819
344,kutum,14.2,24.6667,310.12,8,1,5.71,SD,1717081819
345,mahalapye,-23.1041,26.8142,296.8,21,0,2.83,BW,1717081820
346,tazovsky,67.4667,78.7,272.01,93,100,3.23,RU,1717081820
347,carnarvon,-24.8667,113.6333,291.79,54,0,5.85,AU,1717081544
348,san patricio,28.017,-97.5169,305.2,61,61,6.37,US,1717081821
349,gao,16.6362,1.637,317.84,6,4,3.23,ML,1717081549
350,lata,40.1629,-8.3327,301.2,49,15,5.17,PT,1717081822
351,socorro,31.6546,-106.3033,302.71,8,0,2.57,US,1717081535
352,nagqu,31.5,92.0,281.4,68,100,2.48,CN,1717081823
353,nova vicosa,-17.8919,-39.3719,297.89,81,26,6.1,BR,1717081823
354,iskateley,67.6803,53.1512,270.94,87,91,5.81,RU,1717081824
355,wickenburg,33.9686,-112.7296,301.03,11,0,2.74,US,1717081824
356,salmon arm,50.6998,-119.3024,284.5,71,57,0.13,CA,1717081625
357,okha,53.5739,142.9478,278.85,73,94,4.92,RU,1717081825
358,tura,25.5198,90.2201,298.44,95,85,2.78,IN,1717081813
359,camana,-16.6228,-72.7111,291.67,75,56,3.12,PE,1717081826
360,quelimane,-17.8786,36.8883,299.12,78,40,2.21,MZ,1717081826
361,bafra,41.5678,35.9069,293.29,79,33,3.66,TR,1717081827
362,campo gallo,-26.5833,-62.85,291.6,32,1,3.01,AR,1717081827
363,kerikeri,-35.2268,173.9474,287.54,86,34,4.02,NZ,1717081730
364,tucuma,-0.1833,-50.05,303.53,65,51,2.84,BR,1717081828
365,kili,5.6439,169.1211,301.39,77,100,3.21,MH,1717081828
366,qamdo,31.1667,97.2333,285.57,47,31,1.53,CN,1717081829
367,flin flon,54.7682,-101.865,287.43,96,100,0.87,CA,1717081829
368,zholymbet,51.7433,71.7122,278.93,90,100,4.72,KZ,1717081830
369,haiku-pauwela,20.9219,-156.3051,296.51,83,0,6.69,US,1717081830
370,trairi,-3.2778,-39.2689,301.37,81,82,4.18,BR,1717081754
371,yeppoon,-23.1333,150.7333,291.62,82,47,3.47,AU,1717081831
372,gaigeturi,33.4644,126.3183,291.8,71,100,0.88,KR,1717081831
373,raja,8.4596,25.678,308.97,30,82,1.61,SS,1717081832
374,fenoarivo be,-18.4333,46.5667,292.6,63,23,4.22,MG,1717081833
375,kruisfontein,-34.0033,24.7314,291.42,78,90,11.48,ZA,1717081833
376,atafu village,-8.5421,-172.5159,302.44,73,7,5.25,TK,1717081833
377,souillac,-20.5167,57.5167,297.36,88,75,6.17,MU,1717081834
378,mountain home,43.133,-115.6912,282.67,62,37,5.36,US,1717081835
379,konarka,19.9,86.1167,304.37,88,9,7.54,IN,1717081567
380,concepcion,-36.827,-73.0498,285.36,87,100,0.68,CL,1717081630
381,embarcacion,-23.209,-64.096,291.6,54,0,1.31,AR,1717081836
382,soto la marina,23.7667,-98.2167,306.6,43,1,4.2,MX,1717081836
383,mangrol,21.1167,70.1167,303.19,71,92,6.05,IN,1717081837
384,avarua,-21.2078,-159.775,297.18,100,75,1.54,CK,1717081837
385,vaasa,63.096,21.6158,295.16,49,60,4.12,FI,1717081838
386,gafsa,34.425,8.7842,305.03,19,6,5.24,TN,1717081838
387,brandon,27.9378,-82.2859,307.15,61,0,2.57,US,1717081838
388,huautla de jimenez,18.1315,-96.8409,297.97,51,0,1.2,MX,1717081839
389,kanasin,20.9333,-89.5667,306.96,60,20,5.66,MX,1717081840
390,plastun,44.7561,136.2939,279.36,97,100,0.7,RU,1717081840
391,altamont,42.2068,-121.7372,283.03,69,0,1.54,US,1717081841
392,remire-montjoly,4.9167,-52.2667,301.17,89,75,2.06,GF,1717081841
393,safotu,-13.4513,-172.4018,301.79,81,17,6.71,WS,1717081841
394,tindouf,27.6711,-8.1474,308.99,14,0,5.7,DZ,1717081842
395,rurrenabaque,-14.4413,-67.5278,298.16,49,9,0.4,BO,1717081842
396,sao jose do belmonte,-7.8614,-38.7597,305.54,35,38,3.16,BR,1717081843
397,tono,39.3167,141.5333,288.22,75,100,0.98,JP,1717081843
398,middelburg,-25.7751,29.4648,290.34,28,0,4.4,ZA,1717081843
399,ilgaz,40.9251,33.6259,290.63,69,98,0.59,TR,1717081844
400,queenstown,-31.8976,26.8753,293.1,25,87,6.22,ZA,1717081844
401,sebastopol,44.6,33.5333,292.59,48,10,4.92,UA,1717081845
402,aykhal,66.0,111.5,284.2,63,75,9.33,RU,1717081845
403,sangin,32.0728,64.8359,306.61,6,0,3.44,AF,1717081845
404,klyuchi,52.2667,79.1667,278.38,95,100,5.58,RU,1717081846
405,harlingen,26.1906,-97.6961,304.23,82,75,5.14,US,1717081745
406,gordonvale,-17.0936,145.7842,296.03,100,92,1.48,AU,1717081847
407,saurimo,-9.6608,20.3916,302.76,27,97,1.09,AO,1717081847
408,bikenibeu village,1.3673,173.1241,302.13,74,20,2.06,KI,1717081847
409,heihe,50.2441,127.4902,285.07,64,5,1.52,CN,1717081848
410,berezovyy,51.6667,135.7,280.47,63,0,2.0,RU,1717081848
411,kill devil hills,36.0307,-75.676,297.15,71,75,5.66,US,1717081827
412,oliver,49.1831,-119.5524,284.95,66,23,0.51,CA,1717081849
413,nuevitas,21.5453,-77.2644,304.26,61,2,3.56,CU,1717081850
414,kapuskasing,49.4169,-82.4331,289.78,33,34,1.25,CA,1717081850
415,santa cruz,-17.8,-63.1667,295.85,52,20,2.57,BO,1717081526
416,morehead city,34.7229,-76.726,299.15,57,20,4.63,US,1717081851
417,jwaneng,-24.6004,24.7303,295.31,21,0,4.3,BW,1717081851
418,northam,51.0333,-4.2167,289.63,82,29,9.42,GB,1717081852
419,cidreira,-30.1811,-50.2056,289.97,68,11,2.07,BR,1717081634
420,kapa'a,22.0752,-159.319,296.33,87,75,4.63,US,1717081852
421,keflavik,64.0049,-22.5624,281.39,81,100,8.75,IS,1717081854
422,playa del ingles,27.7567,-15.5787,299.01,67,83,2.24,ES,1717081634
423,bandarbeyla,9.4942,50.8122,300.53,76,62,14.4,SO,1717081855
424,rio grande,-32.035,-52.0986,290.21,71,7,1.43,BR,1717081855
425,dazuocun,24.8862,118.9643,296.05,83,91,0.46,CN,1717081855
426,kalymnos,36.95,26.9833,296.89,60,20,4.12,GR,1717081856
427,kavaratti,10.5669,72.642,299.96,83,100,7.53,IN,1717081856
428,aripuana,-9.1667,-60.6333,304.04,44,2,1.78,BR,1717081857
429,griffith,41.5284,-87.4237,292.78,60,0,5.14,US,1717081857
430,brisas de zicatela,15.8369,-97.0419,304.44,74,75,2.57,MX,1717081857
431,douglas,41.3,-96.167,295.1,63,0,5.66,US,1717081858
432,malango,-2.9627,119.9001,293.03,91,78,1.14,ID,1717081858
433,quebo,11.3333,-14.9333,312.41,24,22,2.03,GW,1717081859
434,homer,59.6425,-151.5483,282.09,68,40,0.0,US,1717081804
435,chicoana,-25.1009,-65.5331,287.18,41,0,1.13,AR,1717081860
436,tidjikja,18.5564,-11.4271,312.87,8,65,4.8,MR,1717081860
437,kuusamo,65.9667,29.1833,292.17,59,0,3.6,FI,1717081860
438,zelenogorskiy,55.0333,87.0,277.43,93,100,2.42,RU,1717081861
439,vila franca do campo,37.7167,-25.4333,293.38,99,100,2.36,PT,1717081768
440,xining,36.6167,101.7667,286.65,37,99,2.74,CN,1717081805
441,nadvoitsy,63.8667,34.3167,292.5,52,21,0.83,RU,1717081862
442,mana,5.6592,-53.7767,301.77,74,32,4.26,GF,1717081862
443,ust'-charyshskaya pristan',52.3934,83.6635,279.49,97,100,4.25,RU,1717081863
444,hastings,50.8552,0.5729,291.15,80,61,6.56,GB,1717081863
445,chenzhou,25.8,113.0333,293.14,95,100,2.4,CN,1717081864
446,sarkand,45.41,79.9186,287.6,58,10,3.08,KZ,1717081864
447,baganga,7.5739,126.56,299.65,88,82,1.21,PH,1717081865
448,kyshtovka,56.555,76.6271,279.45,37,100,3.13,RU,1717081865
449,tavricheskoye,54.5851,73.6395,283.1,57,96,5.43,RU,1717081866
450,shalkar,47.8288,59.6258,299.99,19,8,3.38,KZ,1717081866
451,la passe,45.5549,-0.8967,294.28,71,51,8.24,FR,1717081867
452,derzhavinsk,51.1,66.3167,287.28,65,1,5.96,KZ,1717081867
453,mary,37.0,62.5,301.97,8,0,4.71,TM,1717081868
454,great falls,47.5002,-111.3008,284.81,38,0,10.29,US,1717081626
455,summerside,46.3959,-63.7876,291.74,34,1,2.57,CA,1717081868
456,ataq,14.5377,46.8319,308.19,12,53,4.58,YE,1717081869
457,walvis bay,-22.9575,14.5053,292.68,68,38,9.77,NA,1717081869
458,dokuchayevs'k,47.7477,37.6738,296.64,55,100,2.5,UA,1717081870
459,moranbah,-22.0016,148.0466,288.9,89,2,4.32,AU,1717081866
460,nantucket,41.2835,-70.0995,292.23,93,75,3.6,US,1717081871
461,fort mcmurray,56.7268,-111.381,282.92,93,100,6.17,CA,1717081560
462,port saint john's,-31.6229,29.5448,296.5,55,1,4.29,ZA,1717081871
463,shatrovo,56.5167,64.6333,281.62,48,4,1.71,RU,1717081872
464,dong ha,16.8163,107.1003,302.97,66,100,4.04,VN,1717081873
465,uliastay,47.7417,96.8444,283.15,27,3,1.46,MN,1717081873
466,cardiff,51.48,-3.18,291.75,61,20,8.75,GB,1717081667
467,arraial do cabo,-22.9661,-42.0278,296.07,60,40,9.77,BR,1717081729
468,delta,5.5,6.0,302.39,83,99,2.32,NG,1717081874
469,nouadhibou,20.931,-17.0347,297.14,53,2,9.77,MR,1717081875
470,moussoro,13.6408,16.4901,314.35,20,19,7.43,TD,1717081875
471,pingdu,36.7844,119.9464,290.9,81,1,4.51,CN,1717081876
472,hotan,37.0997,79.9269,297.73,22,100,4.72,CN,1717081876
473,island harbour,50.724,-1.2758,291.58,70,74,4.47,GB,1717081876
474,kupang,-10.1667,123.5833,301.47,100,75,1.03,ID,1717081877
475,rancho palos verdes,33.7445,-118.387,290.4,89,100,2.06,US,1717081877
476,ad dilam,23.9915,47.1627,316.38,7,95,2.69,SA,1717081806
477,broken hill,-31.95,141.4333,286.68,96,100,6.0,AU,1717081878
478,najran,17.4924,44.1277,310.51,10,79,5.6,SA,1717081791
479,saint-jean-d'angely,45.95,-0.5167,294.02,74,76,7.06,FR,1717081831
480,cuencame de ceniceros,24.8711,-103.6964,302.05,20,0,3.84,MX,1717081880
481,alofi,-19.0595,-169.9187,297.09,83,75,5.66,NU,1717081880
482,myrina,39.8797,25.0742,296.73,53,20,3.6,GR,1717081881
483,nizhnesortymskiy,62.4397,71.7603,274.41,75,100,4.6,RU,1717081881
484,mansa,29.9833,75.3833,311.99,5,0,2.84,IN,1717081795
485,nadym,65.5333,72.5167,273.13,86,100,7.23,RU,1717081882
486,kearney,40.6995,-99.0815,294.75,89,100,4.63,US,1717081667
487,namtsy,62.7161,129.6658,289.48,58,88,2.49,RU,1717081883
488,ust'-ilimsk,58.0006,102.6619,278.95,88,86,2.68,RU,1717081883
489,lazaro cardenas,17.9583,-102.2,302.67,64,0,0.76,MX,1717081795
490,berdigestyakh,62.0989,126.6992,286.5,53,6,1.4,RU,1717081884
491,yerofey pavlovich,53.9667,121.9667,282.32,51,6,1.93,RU,1717081884
492,mabaruma,8.2,-59.7833,300.58,90,100,1.77,GY,1717081885
493,crescent city,41.756,-124.2018,291.73,81,0,7.2,US,1717081638
494,mossel bay,-34.1831,22.146,288.11,80,96,9.41,ZA,1717081886
495,laguna,38.421,-121.4238,296.49,51,0,3.6,US,1717081886
496,bismarck,46.8083,-100.7837,287.06,83,100,6.69,US,1717081737
497,mora,11.0461,14.1401,311.79,24,100,3.11,CM,1717081887
498,walla walla,46.0646,-118.343,286.86,58,0,5.14,US,1717081887
499,opuwo,-18.0607,13.84,300.62,16,0,2.7,NA,1717081888
500,freetown,8.484,-13.2299,302.99,70,40,5.14,SL,1717081888
501,lerwick,60.1545,-1.1494,287.15,73,24,4.09,GB,1717081889
502,labrador city,52.9463,-66.9114,272.69,91,100,4.47,CA,1717081811
503,yelizovo,53.1873,158.3805,278.04,85,100,2.75,RU,1717081890
504,locharbriggs,55.1034,-3.5844,291.46,63,29,5.81,GB,1717081749
505,pokhara,28.2333,83.9833,300.34,32,38,3.48,NP,1717081891
506,dursunbey,39.586,28.6257,294.13,49,90,2.89,TR,1717081891
507,jackson,42.4165,-122.8345,285.04,70,0,0.45,US,1717081892
508,ancud,-41.8697,-73.8203,281.33,80,82,2.41,CL,1717081892
509,hell-ville,-13.4,48.2667,300.08,70,20,0.0,MG,1717081892
510,carroll,39.5501,-77.0164,293.66,52,0,4.12,US,1717081878
511,taoudenni,22.6783,-3.9836,315.21,7,63,5.89,ML,1717081893
512,katsuura,35.1333,140.3,293.31,83,100,2.68,JP,1717081894
513,tonota,-21.4833,27.4833,296.65,26,0,0.57,BW,1717081894
514,masterton,-40.9597,175.6575,283.64,87,100,1.3,NZ,1717081895
515,yamada,39.4667,141.95,286.72,80,100,0.89,JP,1717081895
516,pimentel,-6.8367,-79.9342,293.31,77,100,2.06,PE,1717081896
517,murzuq,25.9155,13.9184,310.51,13,0,4.46,LY,1717081896
518,tchintabaraden,15.8969,5.7985,315.38,16,56,5.63,NE,1717081897
519,saguenay,48.4168,-71.0657,288.2,54,8,0.89,CA,1717081747
520,hachinohe,40.5,141.5,287.12,84,100,1.37,JP,1717081898
521,olyokminsk,60.3736,120.4264,289.64,50,14,1.18,RU,1717081899
522,ciudad insurgentes,25.2625,-111.7753,295.48,42,0,5.47,MX,1717081899
523,phalaborwa,-23.943,31.1411,300.75,28,0,2.86,ZA,1717081837
524,santana,-0.0583,-51.1817,304.25,70,75,3.09,BR,1717081900
525,nikolayevsk-on-amure,53.1406,140.73,282.16,62,9,1.79,RU,1717081900
526,magadan,59.5667,150.8,284.0,61,4,1.8,RU,1717081602
527,glace bay,46.1969,-59.957,294.2,59,40,4.12,CA,1717081902
528,dumas,35.8656,-101.9732,294.6,63,0,4.63,US,1717081831
529,cabo san lucas,22.8909,-109.9124,305.16,34,0,0.0,MX,1717081661
530,dolbeau-mistassini,48.8763,-72.212,288.41,37,64,5.16,CA,1717081903
531,katima mulilo,-17.5,24.2667,300.51,18,0,1.08,NA,1717081903
532,bredy,52.4153,60.3411,288.51,71,79,5.65,RU,1717081904
533,zaraza,9.3503,-65.3245,304.02,60,78,1.8,VE,1717081904
534,ulsteinvik,62.3432,5.8487,290.65,73,89,3.13,NO,1717081905
535,mitu,1.1983,-70.1733,300.24,66,98,2.03,CO,1717081905
536,altamira,-3.2033,-52.2064,302.2,84,75,1.54,BR,1717081571
537,scarborough,54.2797,-0.4044,285.91,91,100,3.13,GB,1717081652
538,sitangkai,4.6628,119.3928,302.76,80,26,4.12,PH,1717081906
539,funadhoo,6.15,73.2667,301.85,81,100,11.19,MV,1717081907
540,melekeok village,7.4957,134.6367,300.46,89,100,3.09,PW,1717081907
541,basco,20.4487,121.9702,302.17,79,80,3.21,PH,1717081908
542,yuzhno-kurilsk,44.0306,145.8556,278.36,87,100,1.3,RU,1717081908
543,paulden,34.8856,-112.4682,299.06,18,0,0.53,US,1717081908
544,kenai,60.5544,-151.2583,279.9,90,75,3.09,US,1717081909
545,sao tome,0.3365,6.7273,300.18,82,100,2.92,ST,1717081909
546,kulhudhuffushi,6.6221,73.07,301.69,83,100,11.11,MV,1717081910
547,petauke,-14.2426,31.3253,295.98,35,0,1.28,ZM,1717081910
548,punta del este,-34.9667,-54.95,289.21,86,100,2.57,UY,1717081911
549,san julian,21.0167,-102.1667,297.4,37,8,0.65,MX,1717081911
550,manaure,11.7751,-72.4445,304.84,58,46,8.38,CO,1717081911
551,ceeldheer,3.8488,47.1806,300.3,72,84,8.92,SO,1717081912
552,al wakrah,24.85,51.3333,313.06,13,0,4.64,QA,1717081912
553,rongelap,11.1635,166.8941,300.74,80,100,5.8,MH,1717081913
554,baixo guandu,-19.5189,-41.0158,296.42,78,100,1.6,BR,1717081914
555,vassouras,-22.4039,-43.6625,294.18,52,6,2.46,BR,1717081912
556,kogalym,62.2654,74.4791,273.14,63,100,6.71,RU,1717081914
557,weno,7.4515,151.8468,301.71,78,100,7.04,FM,1717081915
558,corumba,-19.0092,-57.6533,297.1,46,0,1.54,BR,1717081916
559,todos santos,23.45,-110.2167,306.1,45,18,2.43,MX,1717081916
560,nova sintra,14.8667,-24.7167,297.42,75,8,7.65,CV,1717081916
561,lagos,6.5833,3.75,304.06,69,100,3.75,NG,1717081674
562,zawoja,49.644,19.5423,292.68,83,100,1.87,PL,1717081917
563,kedrovyy,56.1667,91.8167,278.38,75,74,0.76,RU,1717081918
564,sandnessjoen,66.0217,12.6316,294.44,67,20,2.06,NO,1717081676
565,kidal,18.4411,1.4078,316.86,6,17,6.46,ML,1717081918
566,guatrache,-37.6678,-63.5302,285.2,57,93,2.51,AR,1717081919
567,viedma,-40.8135,-62.9967,286.97,44,95,3.23,AR,1717081640
568,monkey bay,-14.0728,34.9201,298.15,51,0,2.93,MW,1717081920
569,sao felix do xingu,-6.6447,-51.995,306.07,42,45,2.44,BR,1717081920
570,hadibu,12.65,54.0333,303.67,69,87,3.79,YE,1717081921
571,kolonia town,6.964,158.206,300.15,94,100,2.57,FM,1717081921
